"url","path","pageType","title","metaDescription","canonical","ogTitle","ogDescription","ogImage","h1","hasFaqSchema","hasBreadcrumbSchema","fetched","error","source"
"https://nordpush.de/","/","homepage","NordPush – Deine SEO Agentur für mehr Sichtbarkeit im Web","Strategische SEO für mehr Sichtbarkeit, bessere Rankings & nachhaltige Ergebnisse. NordPush ist deine Agentur für effektives Online-Marketing","https://nordpush.de/","Unsichtbar bei Google? 🚨 Mit NordPush wirst du gefunden!","Mehr Kunden, mehr Umsatz – mit SEO, die wirklich wirkt. Wir zeigen dir, wie deine Website endlich sichtbar wird.","https://nordpush.de/wp-content/uploads/2025/04/image-5-1024x956.png","Mehr Sichtbarkeit. Mehr Kunden. SEO, das Ergebnisse liefert.","True","True","True","","sitemap"
"https://nordpush.de/agentur/","/agentur/","blog_or_other","Agentur -","NordPush SEO-Agentur aus Neumünster: Spitzenposition bei Google, mehr Anfragen & Umsatzwachstum. Jetzt kennenlernen!","https://nordpush.de/agentur/","Agentur -","NordPush SEO-Agentur aus Neumünster: Spitzenposition bei Google, mehr Anfragen & Umsatzwachstum. Jetzt kennenlernen!","","Agentur","False","True","True","","sitemap"
"https://nordpush.de/b2b-seo-agentur/","/b2b-seo-agentur/","service","B2B SEO Agentur NordPush | Sichtbarkeit für dein Unternehmen","Steigere dein B2B SEO-Ranking und generiere planbar neue Anfragen – mit NordPush, deiner spezialisierten SEO-Agentur","https://nordpush.de/b2b-seo-agentur/","NordPush – Deine B2B SEO Agentur für nachhaltige Sichtbarkeit","Wir entwickeln und betreuen individuelle B2B SEO-Strategien, die Fachzielgruppen erreichen, Leads generieren und messbare Ergebnisse liefern.","https://nordpush.de/wp-content/uploads/2025/05/image-12.png","Mehr B2B-Anfragen durch strategisches SEO – planbar, messbar, skalierbar","False","True","True","","sitemap"
"https://nordpush.de/backlinks/","/backlinks/","service","Mehr Sichtbarkeit durch hochwertige Backlinks | NordPush","Professioneller Backlink-Aufbau für nachhaltige Top-Rankings. NordPush verhilft zu mehr Autorität, Traffic & Kunden durch wertige Backlinks.","https://nordpush.de/backlinks/","Backlink-Aufbau mit NordPush – Starke Links für bessere Rankings","Wir entwickeln nachhaltige Backlink-Strategien, um die Autorität deiner Website zu steigern und dein Google-Ranking langfristig zu verbessern.","https://nordpush.de/wp-content/uploads/2025/05/image-16.png","Erreiche Top-Rankings mit hochwertigen Backlinks – Der schnellste Weg nach oben in Google","False","True","True","","sitemap"
"https://nordpush.de/category/wissen/","/category/wissen/","blog_category","Wissen & Insights – SEO Tipps von NordPush","Entdecke praxisnahe SEO-Strategien, aktuelle Trends und wertvolles Know-how für deinen nachhaltigen Online-Erfolg mit NordPush.","https://nordpush.de/category/wissen/","Wissen bei NordPush – SEO Know-how & Insights","Entdecke wertvolle Tipps, aktuelle Trends und praxisnahe SEO-Strategien – geballtes Wissen für deinen nachhaltigen Online-Erfolg.","https://nordpush.de/wp-content/uploads/2025/04/image-5-1024x956.png","Wissen","False","True","True","","manual_required_list"
"https://nordpush.de/content-marketing/","/content-marketing/","service","Content Marketing Agentur | NordPush - Mehr Traffic & Umsatz","NordPush: Content Marketing für Unternehmen. Steigern Sie Reichweite und Conversions mit SEO-Inhalten. Wachstum garantiert – Jetzt ansprechen!","https://nordpush.de/content-marketing/","Content Marketing mit NordPush – Inhalte, die Kunden gewinnen","Mit kreativem Content Marketing bringen wir deine Marke ins Rampenlicht – für mehr Traffic, Leads und Umsatz.","https://nordpush.de/wp-content/uploads/2025/05/image-17.png","Mehr Kunden & Umsatz durch professionelles Content Marketing","False","True","True","","sitemap"
"https://nordpush.de/content-templates/","/content-templates/","service","SEO Content Templates – Einfach besser schreiben | NordPush","Mit den SEO-Content Templates von NordPush erstellst du strukturierte, suchmaschinenoptimierte Texte – effizient, skalierbar & professionell.","https://nordpush.de/content-templates/","Content Templates für SEO-Texte | NordPush","Mit NordPush SEO-Content Templates schreibst du bessere Texte in kürzerer Zeit. Strukturierte Vorlagen für Blog, Produktseite & Local SEO!","https://nordpush.de/wp-content/uploads/2025/05/content-template.png","Mehr Sichtbarkeit mit weniger Aufwand","False","True","True","","sitemap"
"https://nordpush.de/datenschutz/","/datenschutz/","info_legal_or_conversion","Datenschutz bei NordPush – Sicher & transparent","Wir nehmen Datenschutz ernst und erklären transparent, wie wir mit deinen Daten umgehen – für Vertrauen und Sicherheit.","https://nordpush.de/datenschutz/","Datenschutz bei NordPush – Sicher & transparent","Wir nehmen Datenschutz ernst und erklären transparent, wie wir mit deinen Daten umgehen – für Vertrauen und Sicherheit.","https://nordpush.de/wp-content/uploads/2025/04/image-5-1024x956.png","Datenschutz­erklärung","False","True","True","","manual_required_list"
"https://nordpush.de/e-commerce-seo/","/e-commerce-seo/","service","E-Commerce SEO, die deinen Shop-Umsatz steigert | NordPush","Steigere deinen Online-Shop-Umsatz mit E-Commerce SEO von NordPush. Mehr organische Sichtbarkeit, qualifizierte Besucher & bessere Rankings.","https://nordpush.de/e-commerce-seo/","Keine Besucher im Online-Shop? Dann fehlt dir E-Commerce SEO! 🛒","Wir optimieren Online-Shops für bessere Google-Rankings, mehr organischen Traffic und höhere Conversion-Raten. Technisch, strategisch und skalierbar.","https://nordpush.de/wp-content/uploads/2025/05/image-8.png","Steigere deinen E-Commerce Umsatz mit SEO, das messbare Ergebnisse liefert","False","True","True","","sitemap"
"https://nordpush.de/etsy-seo/","/etsy-seo/","service","Etsy SEO Guide – So rankst du ganz oben | Nordpush","Lerne, wie Etsy SEO wirklich funktioniert. Mit Tipps zu Keywords, Listings & Sichtbarkeit. Mehr Umsatz mit deinem Shop – praxisnah & aktuell","https://nordpush.de/etsy-seo/","Etsy SEO: Der große Praxis-Guide für mehr Sichtbarkeit","Entdecke, wie du deinen Etsy-Shop für mehr Reichweite, bessere Rankings und mehr Verkäufe optimierst. Schritt-für-Schritt Anleitung von den SEO-Profis bei Nordpush.","https://nordpush.de/wp-content/uploads/2025/06/Etsy-SEO.png","Etsy SEO","False","True","True","","sitemap"
"https://nordpush.de/geo-optimierung/","/geo-optimierung/","service","GEO: Werde Top-Quelle für ChatGPT & KI | NordPush","Mache deine Inhalte zur Lieblingsquelle für ChatGPT & Co | sichere deine digitale Zukunft mit NordPush Generative Engine Optimization (GEO)","https://nordpush.de/geo-optimierung/","Generative Engine Optimierung (GEO) mit NordPush – Zukunftssichere SEO-Strategien","Wir optimieren deine Inhalte gezielt für KI-basierte Suchmaschinen, damit deine Marke in der neuen Suchwelt präsent ist und von generativen Systemen gefunden wird.","https://nordpush.de/wp-content/uploads/2025/05/image-19.png","Zukunftssicher im KI-Zeitalter: Werde Top-Quelle für ChatGPT & Co.","True","True","True","","sitemap"
"https://nordpush.de/google-unternehmensprofil/","/google-unternehmensprofil/","service","Google Unternehmensprofil verbessern – mit NordPush","Mehr Sichtbarkeit, Vertrauen & Kunden: Wir optimieren dein Google Unternehmensprofil professionell – für lokale Top-Rankings & mehr Anfragen.","https://nordpush.de/google-unternehmensprofil/","Dein Google Unternehmensprofil auf Top-Niveau – mit NordPush","Du willst online besser gefunden werden? Wir holen das Maximum aus deinem Google Business Profil heraus – für mehr Sichtbarkeit, Bewertungen & Neukunden!","https://nordpush.de/wp-content/uploads/2025/05/google-business.png","Mehr Kunden über Google – mit einem optimierten Unternehmensprofil, das wirklich gefunden wird","False","True","True","","sitemap"
"https://nordpush.de/impressum/","/impressum/","info_legal_or_conversion","NordPush Impressum – Hier findest du alle Infos","Rechtliche Informationen und Kontaktangaben der NordPush SEO Agentur. Transparenz und Vertrauen für unsere Kunden.","https://nordpush.de/impressum/","NordPush Impressum – Hier findest du alle Infos","Rechtliche Informationen und Kontaktangaben der NordPush SEO Agentur. Transparenz und Vertrauen für unsere Kunden.","https://nordpush.de/wp-content/uploads/2025/04/image-5-1024x956.png","Impressum","False","True","True","","manual_required_list"
"https://nordpush.de/internationales-seo/","/internationales-seo/","service","Sichtbarkeit in globalen Märkten | Internationales SEO | NordPush","Steigere Traffic & Umsatz in neuen Märkten mit maßgeschneidertem Internationalen SEO. NordPush: Dein Partner für internationale Expansion","https://nordpush.de/internationales-seo/","Weltweit gefunden werden? Mit internationalem SEO kein Problem! 🌍","Erreiche Kunden auf der ganzen Welt – wir machen deine Website fit für internationale Suchergebnisse. Einfach. Effektiv. Global.","https://nordpush.de/wp-content/uploads/2025/05/image-15.png","Erschließe neue Märkte mit professionellem Internationalen SEO","False","True","True","","sitemap"
"https://nordpush.de/keyword-recherche/","/keyword-recherche/","service","Keyword Recherche: Mehr Traffic, Leads & Sichtbarkeit | NordPush","Smarte Keyword Recherche für mehr Sichtbarkeit. Verborgene Chancen aufdecken, Traffic steigern. Kostenlose Analyse durch NordPush!","https://nordpush.de/keyword-recherche/","Keyword Recherche mit NordPush – Die Basis für erfolgreiche SEO","Wir zeigen dir, wonach deine Zielgruppe wirklich sucht – und wie du mit gezielter Keyword Recherche mehr Sichtbarkeit erreichst.","https://nordpush.de/wp-content/uploads/2025/05/image-5.png","Finde endlich die Keywords, die deine Kund:innen wirklich suchen – für messbar mehr Sichtbarkeit, Klicks und Umsatz.","False","True","True","","sitemap"
"https://nordpush.de/kontakt/","/kontakt/","info_legal_or_conversion","Kontaktiere NordPush – Starte jetzt deinen SEO-Erfolg","Fragen zu SEO? Schreibe uns! Wir helfen dir, deine Website sichtbarer zu machen und mehr Kunden zu gewinnen.","https://nordpush.de/kontakt/","Kontaktiere NordPush – deine SEO Agentur","Wir sind für dich da! Kontaktiere NordPush für individuelle SEO-Beratung und maßgeschneiderte Lösungen für dein Business.","https://nordpush.de/wp-content/uploads/2025/04/image-5-1024x956.png","Kontakt","True","True","True","","sitemap"
"https://nordpush.de/link-risk-management/","/link-risk-management/","service","Link Risk Management für dein SEO | NordPush Agentur","Schütze dein Ranking vor toxischen Backlinks – mit professionellem Link Risk Management von NordPush. Analyse, Disavow & Sicherheit.","https://nordpush.de/link-risk-management/","Rette dein Google-Ranking: Link Risk Management von NordPush","Toxische Backlinks, Rankingverlust oder Penalty? Mit dem Link Risk Management von NordPush bekommst du ein sauberes Linkprofil und langfristige SEO-Sicherheit.","https://nordpush.de/wp-content/uploads/2025/05/link-risk-management.png","Schütze deine Rankings mit professionellem Link Risk Management","False","True","True","","sitemap"
"https://nordpush.de/pagespeed-optimierung/","/pagespeed-optimierung/","service","PageSpeed-Optimierung | Mehr Umsatz durch Tempo | NordPush","Steigere Rankings & Conversions mit PageSpeed-Optimierung! ✓ Core Web Vitals optimieren ✓ Bessere UX ✓ Messbare Ergebnisse. Jetzt starten!","https://nordpush.de/pagespeed-optimierung/","PageSpeed-Optimierung mit NordPush – Schnellere Website. Bessere Rankings.","Mit unserer PageSpeed-Optimierung wird deine Website blitzschnell – für bessere Nutzererfahrung, höhere Conversion und mehr Sichtbarkeit.","https://nordpush.de/wp-content/uploads/2025/05/image-10.png","Blitzschnelle Ladezeiten – Mehr Kunden, bessere Rankings, höhere Conversions!","False","True","True","","sitemap"
"https://nordpush.de/preise/","/preise/","info_legal_or_conversion","SEO Preise & Pakete – Transparent kalkuliert | NordPush","Informiere dich über unsere SEO-Preise. Bei NordPush bekommst du individuelle Leistungen mit fairen Kosten – ehrlich & wirkungsvoll!","https://nordpush.de/preise/","Transparente SEO-Preise bei NordPush – Klar kalkuliert","Erfahre mehr über unsere fairen und transparenten SEO-Preise. Keine versteckten Kosten – nur individuelle Leistungen, die wirklich wirken.","https://nordpush.de/wp-content/uploads/2025/05/image-20.png","Unsere Preise: Transparenz, die Vertrauen schafft","False","True","True","","sitemap"
"https://nordpush.de/seo-audit/","/seo-audit/","service","Professionelles SEO-Audit: Mehr Sichtbarkeit & Leads | NordPush","Verliere keine Kunden mehr durch schlechte Rankings! Unser SEO-Audit identifiziert alle Optimierungspotenziale deiner Website.","https://nordpush.de/seo-audit/","SEO Audit von NordPush – Schwachstellen erkennen. Ranking stärken.","Unser SEO Audit deckt technische Fehler, Content-Potenziale und Rankingbremsen auf. Für klare Empfehlungen und gezielte Optimierung.","https://nordpush.de/wp-content/uploads/2025/05/image-2.png","Steigere deine Sichtbarkeit & deinen Umsatz mit einem professionellen SEO-Audit","True","True","True","","sitemap"
"https://nordpush.de/seo-bamberg/","/seo-bamberg/","local_seo","SEO Agentur Bamberg – Lokale Sichtbarkeit mit NordPush","Steigere deine Google-Sichtbarkeit in Bamberg mit deiner SEO Agentur für lokale Unternehmen – effizient, messbar und zielgerichtet.","","SEO Bamberg – Lokale Sichtbarkeit mit NordPush steigern","Mehr Sichtbarkeit für dein Unternehmen in Bamberg: NordPush entwickelt effektive SEO-Strategien, die dich bei Google ganz nach vorne bringen.","https://nordpush.de/wp-content/uploads/2025/07/SEOBamberg.png","SEO Bamberg","False","True","True","","manual_required_list"
"https://nordpush.de/seo-beratung/","/seo-beratung/","service","SEO-Beratung für KMU & Selbstständige | NordPush","Professionelle SEO Beratung von NordPush bringt dein Business auf die vorderen Ränge in den Suchmaschinen durch individuelle Strategien","https://nordpush.de/seo-beratung/","SEO Beratung mit NordPush – Strategisch. Transparent. Erfolgreich.","Bei Google unsichtbar? Mit unserer SEO Beratung bekommst du eine klare Strategie, die dich nach vorn bringt – garantiert verständlich & individuell.","https://nordpush.de/wp-content/uploads/2025/04/image-10.png","SEO-Beratung, die dein Business online nach vorne bringt","True","True","True","","sitemap"
"https://nordpush.de/seo-betreuung/","/seo-betreuung/","service","Laufende SEO Betreuung | Nachhaltig bei Google wachsen","Laufende SEO-Betreuung für kleine & mittelständische Unternehmen. Verbessere Rankings, gewinne qualifizierte Besucher & steigere den Umsatz.","https://nordpush.de/seo-betreuung/","SEO-Betreuung mit NordPush – Kontinuierlich wachsen bei Google","Wir betreuen dein SEO ganzheitlich – mit Strategie, Content, Technik & Monitoring. Persönlich, transparent und ergebnisorientiert.","https://nordpush.de/wp-content/uploads/2025/05/image-11.png","SEO Betreuung: Dein Weg zu nachhaltiger Sichtbarkeit bei Google","False","True","True","","sitemap"
"https://nordpush.de/seo-fuer-lokale-unternehmen/","/seo-fuer-lokale-unternehmen/","service","Lokale SEO für Unternehmen | In deiner Region | NordPush","Mehr lokale Kunden durch professionelle Suchmaschinenoptimierung: NordPush macht dein Unternehmen in deiner Region sichtbar","https://nordpush.de/seo-fuer-lokale-unternehmen/","Lokale SEO mit NordPush – Sichtbar für Kunden in deiner Nähe","Wir optimieren deine Website und Google My Business für lokale Suchanfragen – so erreichst du mehr Kunden aus deiner Region.","https://nordpush.de/wp-content/uploads/2025/05/image-13.png","Werde der lokale Online-Champion in deiner Region – mit maßgeschneiderter SEO für dein Unternehmen","True","True","True","","sitemap"
"https://nordpush.de/seo-konkurrenzanalyse/","/seo-konkurrenzanalyse/","service","SEO Konkurrenzanalyse | Wettbewerber überholen mit NordPush","Decke die SEO-Geheimnisse der Konkurrenz auf und steigere deine Sichtbarkeit. Professionelle Konkurrenzanalyse mit Aktionsplan von NordPush","https://nordpush.de/seo-konkurrenzanalyse/","SEO Konkurrenzanalyse mit NordPush – Wissen, was die Mitbewerber besser machen","Finde heraus, was deine Konkurrenz bei Google besser macht – und wie du sie überholst. Jetzt SEO Konkurrenzanalyse sichern!","https://nordpush.de/wp-content/uploads/2025/05/image-4.png","Entdecke die verborgenen SEO-Geheimnisse deiner Konkurrenz – und überhole sie endlich!","False","True","True","","sitemap"
"https://nordpush.de/seo-monitoring/","/seo-monitoring/","service","SEO-Monitoring für KMU | Mehr Sichtbarkeit & Umsatz | NordPush","Mit unserem SEO-Monitoring behältst du den Überblick über deine Rankings und setzt gezielte Maßnahmen für mehr Traffic & Conversions","https://nordpush.de/seo-monitoring/","SEO Monitoring mit NordPush – Rankings & Performance im Blick behalten","Mit unserem SEO Monitoring bleibst du immer einen Schritt voraus – erkenne Ranking-Veränderungen sofort und optimiere gezielt.","https://nordpush.de/wp-content/uploads/2025/05/image-14.png","SEO-Monitoring, das nachhaltig Resultate mit sich bringt","False","True","True","","sitemap"
"https://nordpush.de/seo-neumuenster/","/seo-neumuenster/","local_seo","SEO Neumünster | Deine SEO Agentur für nachhaltige Sichtbarkeit","Mehr Sichtbarkeit mit deiner SEO Agentur in Neumünster: Individuelle Strategien, Coaching & zuverlässige SEO-Betreuung für mehr Traffic!","https://nordpush.de/seo-neumuenster/","SEO Neumünster – Deine Agentur für bessere Suchmaschinen Rankings","Wir zeigen dir, wie du mit klarer SEO-Strategie und persönlichem Coaching bei Google nach vorn kommst – direkt aus Neumünster, für dein Business.","https://nordpush.de/wp-content/uploads/2025/06/image.png","SEO Neumünster","False","True","True","","sitemap"
"https://nordpush.de/seo-relaunch/","/seo-relaunch/","service","SEO-Relaunch | Website neu gestalten ohne Ranking-Verluste","Plane deinen Website-Relaunch ohne SEO-Verluste! NordPush begleitet dich von der Planung bis zum Go-live und sorgt für bessere Rankings.","https://nordpush.de/seo-relaunch/","Neuer Look, aber keine Besucher? Relaunch ohne SEO ist ein Risiko! ⚠️","Ein Website-Relaunch birgt SEO-Risiken. Wir begleiten dich strategisch, damit Rankings, Sichtbarkeit und Traffic erhalten bleiben – oder steigen.","https://nordpush.de/wp-content/uploads/2025/05/image-7.png","SEO-Relaunch: Deine Website neu starten ohne Rankings zu verlieren","False","True","True","","sitemap"
"https://nordpush.de/seo-sachsen/","/seo-sachsen/","local_seo","SEO Sachsen: Sichtbarkeit steigern, Kunden gewinnen | NordPush","Erreiche mehr Kunden in Sachsen durch gezielte Suchmaschinenoptimierung. Erfahre, wie lokale SEO dein Business sichtbar macht.","https://nordpush.de/seo-sachsen/","SEO Sachsen – Mit lokaler SEO mehr Sichtbarkeit erzielen","Steigere deine Reichweite in Sachsen mit professioneller Suchmaschinenoptimierung. Entdecke Strategien, Tipps und echte Vorteile für dein Unternehmen.","https://nordpush.de/wp-content/uploads/2025/06/SEOSachsen.png","SEO Sachsen","True","True","True","","sitemap"
"https://nordpush.de/seo-strategie/","/seo-strategie/","service","SEO-Strategien, die wirklich funktionieren | NordPush SEO Agentur","Maßgeschneiderte SEO-Strategien für Selbstständige & Unternehmen. Mehr Sichtbarkeit, qualifizierte Leads & messbarer ROI. Jetzt bei NordPush!","https://nordpush.de/seo-strategie/","SEO Strategie mit NordPush – Planbar zu besseren Rankings","Mit einer klaren SEO Strategie schaffen wir die Grundlage für nachhaltigen Erfolg bei Suchmaschinen. Individuell, datenbasiert und zielgerichtet.","https://nordpush.de/wp-content/uploads/2025/05/image-3.png","Die richtige SEO Strategie ist dein Wegweiser zu mehr Sichtbarkeit","False","True","True","","sitemap"
"https://nordpush.de/seo-texte-schreiben/","/seo-texte-schreiben/","service","SEO-Texte schreiben lassen | Rankingoptimiert | NordPush","Professionelle SEO-Texte, die bei Google ranken und Kunden überzeugen. Keyword-optimierte Inhalte mit Conversion-Power für deine Website","https://nordpush.de/seo-texte-schreiben/","SEO-Texte schreiben mit NordPush – Inhalte, die gefunden werden","Wir erstellen suchmaschinenoptimierte Texte, die nicht nur Google, sondern auch deine Zielgruppe überzeugen und Traffic steigern.","https://nordpush.de/wp-content/uploads/2025/05/image-18.png","SEO-Texte schreiben lassen: Mehr Sichtbarkeit durch bessere Inhalte","False","True","True","","sitemap"
"https://nordpush.de/suchmaschinenoptimierung/","/suchmaschinenoptimierung/","blog_or_other","Suchmaschinenoptimierung -","SEO-Agentur NordPush bringt dich auf Seite 1 – für mehr Anfragen, Kundengewinnung & steigende Umsätze. Jetzt anfragen!","https://nordpush.de/suchmaschinenoptimierung/","Suchmaschinenoptimierung -","SEO-Agentur NordPush bringt dich auf Seite 1 – für mehr Anfragen, Kundengewinnung & steigende Umsätze. Jetzt anfragen!","","Suchmaschinenoptimierung","False","True","True","","sitemap"
"https://nordpush.de/technisches-seo-audit/","/technisches-seo-audit/","service","Technisches SEO Audit | Rankings verbessern mit NordPush","Decke versteckte SEO-Fehler auf und steigere Rankings mit dem Technischen SEO Audit. Erhalte den klaren Plan für mehr Traffic und Conversions.","https://nordpush.de/technisches-seo-audit/","Deine Website hat unsichtbare SEO-Probleme! 🔍 Lass uns sie finden","Wir analysieren deine Website auf technische SEO-Schwächen – von Ladezeiten bis Indexierung. Für bessere Rankings und stabile Performance.","https://nordpush.de/wp-content/uploads/2025/05/image-6.png","Decke verborgene SEO-Fehler auf, die dich täglich Besucher kosten","True","True","True","","sitemap"
"https://nordpush.de/ueber-uns/","/ueber-uns/","about_or_author","Wer wir sind | NordPush – SEO mit klarem Kurs","Das ist NordPush | Erfahre, wer hinter der Agentur steckt – und warum wir SEO nicht als Dienstleistung, sondern als Partnerschaft sehen","https://nordpush.de/ueber-uns/","Wer steckt hinter NordPush? Wir sind dein SEO-Team! 🚀","Lerne das Team von NordPush kennen: Leidenschaftliche SEO-Spezialisten mit Fokus auf individuelle Strategien und messbare Ergebnisse für dein Business.","https://nordpush.de/wp-content/uploads/2025/04/image-5-1024x956.png","Vom Online-Shop zur SEO-Agentur: Unsere Geschichte","True","True","True","","sitemap"
"https://nordpush.de/wordpress-seo/","/wordpress-seo/","service","WordPress SEO | Bessere Ranks & Kunden gewinnen | NordPush","WordPress SEO-Optimierung für bessere Rankings und mehr Kunden. NordPush macht deine Website sichtbar. Jetzt kostenlosen SEO Check sichern!","https://nordpush.de/wordpress-seo/","WordPress SEO mit NordPush – Mehr Sichtbarkeit für dein CMS","Mit gezieltem WordPress SEO holen wir das Maximum aus deiner Website raus – für mehr Sichtbarkeit, mehr Traffic und messbar mehr Erfolg.","https://nordpush.de/wp-content/uploads/2025/05/image-9.png","WordPress SEO, das wirklich funktioniert – für mehr Sichtbarkeit und Kunden","False","True","True","","sitemap"
