"sourcePageUrl","sourcePagePath","imageSrc","imageAlt"
"https://nordpush.de/","/","https://nordpush.de/wp-content/uploads/2025/04/1000_F_181271427_Oq56dDh70MuOzfGonyuRG0dF869ShR7w-edited.jpg","Kundenbewertungen NordPush SEO Agentur – 5 Sterne Zufriedenheit"
"https://nordpush.de/","/","https://nordpush.de/wp-content/uploads/2025/04/cropped-Artboard-1-copy-e1744194301933.png",""
"https://nordpush.de/","/","https://nordpush.de/wp-content/uploads/2025/04/cropped-Artboard-1-copy-e1744194301933-165x48.png","NordPush Logo – SEO Agentur aus Neumünster"
"https://nordpush.de/","/","https://nordpush.de/wp-content/uploads/2025/04/image.png","Referenzkunde NordPush SEO Agentur – Firmenlogo"
"https://nordpush.de/","/","https://nordpush.de/wp-content/uploads/2025/04/image-1.png","Referenzkunde NordPush SEO Agentur – Firmenlogo"
"https://nordpush.de/","/","https://nordpush.de/wp-content/uploads/2025/04/image-2.png","VGO – Referenzkunde NordPush SEO Agentur"
"https://nordpush.de/","/","https://nordpush.de/wp-content/uploads/2025/04/image-3.png","Referenzkunde NordPush SEO Agentur – Firmenlogo"
"https://nordpush.de/","/","https://nordpush.de/wp-content/uploads/2025/04/image-4.png","Referenzkunde NordPush SEO Agentur – Firmenlogo"
"https://nordpush.de/","/","https://nordpush.de/wp-content/uploads/2025/04/image-5-1024x956.png","SEO Beratung Illustration – NordPush Experten analysieren Website-Rankings"
"https://nordpush.de/","/","https://nordpush.de/wp-content/uploads/2025/04/image-6-961x1024.png","SEO-Strategie Illustration – Mann optimiert Website-Ranking auf Computer"
"https://nordpush.de/","/","https://nordpush.de/wp-content/uploads/2025/04/image-7.png","SEO Analyse Illustration – Expertin prüft Website-Daten und Optimierungspotenzial"
"https://nordpush.de/","/","https://nordpush.de/wp-content/uploads/2025/04/image-8.png","SEO Betreuung Illustration – Team entwickelt nachhaltige Google-Rankingstrategie"
"https://nordpush.de/","/","https://nordpush.de/wp-content/uploads/2025/04/image-9.png","SEO Consulting Illustration – NordPush Experte präsentiert SEO-Ergebnisse"
"https://nordpush.de/","/","https://nordpush.de/wp-content/uploads/2025/05/pexels-latronico-709188-scaled.jpg","Zufriedene Kunden der NordPush SEO Agentur – über 100 positive Bewertungen"
"https://nordpush.de/","/","https://nordpush.de/wp-content/uploads/2025/05/pexels-yankrukov-8867238-scaled-e1747747723629.jpg","Kunde - Martin"
"https://nordpush.de/b2b-seo-agentur/","/b2b-seo-agentur/","https://nordpush.de/wp-content/uploads/2025/04/cropped-Artboard-1-copy-e1744194301933.png",""
"https://nordpush.de/b2b-seo-agentur/","/b2b-seo-agentur/","https://nordpush.de/wp-content/uploads/2025/04/cropped-Artboard-1-copy-e1744194301933-165x48.png","NordPush Logo – SEO Agentur aus Neumünster"
"https://nordpush.de/b2b-seo-agentur/","/b2b-seo-agentur/","https://nordpush.de/wp-content/uploads/2025/04/image.png",""
"https://nordpush.de/b2b-seo-agentur/","/b2b-seo-agentur/","https://nordpush.de/wp-content/uploads/2025/04/image-1.png",""
"https://nordpush.de/b2b-seo-agentur/","/b2b-seo-agentur/","https://nordpush.de/wp-content/uploads/2025/04/image-12-916x1024.png","SEO Berater Illustration – NordPush Experte mit Suchmaschinenoptimierung-Tools"
"https://nordpush.de/b2b-seo-agentur/","/b2b-seo-agentur/","https://nordpush.de/wp-content/uploads/2025/04/image-2.png",""
"https://nordpush.de/b2b-seo-agentur/","/b2b-seo-agentur/","https://nordpush.de/wp-content/uploads/2025/04/image-3.png",""
"https://nordpush.de/b2b-seo-agentur/","/b2b-seo-agentur/","https://nordpush.de/wp-content/uploads/2025/04/image-4.png",""
"https://nordpush.de/b2b-seo-agentur/","/b2b-seo-agentur/","https://nordpush.de/wp-content/uploads/2025/05/b2b-seo-agentur-1024x576.jpg","B2B SEO Agentur – Suchmaschinenoptimierung für B2B-Unternehmen und Geschäftskunden"
"https://nordpush.de/b2b-seo-agentur/","/b2b-seo-agentur/","https://nordpush.de/wp-content/uploads/2025/05/image-12.png","B2B SEO Agentur - NordPush"
"https://nordpush.de/b2b-seo-agentur/","/b2b-seo-agentur/","https://nordpush.de/wp-content/uploads/2025/05/pexels-bymuratisikofficial-16090360-scaled.jpg","Kunde - Niklas"
"https://nordpush.de/b2b-seo-agentur/","/b2b-seo-agentur/","https://nordpush.de/wp-content/uploads/2025/05/pexels-olly-948873-scaled.jpg","Kundin - Laura"
"https://nordpush.de/b2b-seo-agentur/","/b2b-seo-agentur/","https://nordpush.de/wp-content/uploads/2025/05/pexels-tomas-guerra-fotografia-2152176073-32063728-scaled.jpg","Kunde - Markus"
"https://nordpush.de/backlinks/","/backlinks/","https://nordpush.de/wp-content/uploads/2025/04/cropped-Artboard-1-copy-e1744194301933.png",""
"https://nordpush.de/backlinks/","/backlinks/","https://nordpush.de/wp-content/uploads/2025/04/cropped-Artboard-1-copy-e1744194301933-165x48.png","NordPush Logo – SEO Agentur aus Neumünster"
"https://nordpush.de/backlinks/","/backlinks/","https://nordpush.de/wp-content/uploads/2025/04/image.png",""
"https://nordpush.de/backlinks/","/backlinks/","https://nordpush.de/wp-content/uploads/2025/04/image-1.png",""
"https://nordpush.de/backlinks/","/backlinks/","https://nordpush.de/wp-content/uploads/2025/04/image-12-916x1024.png","SEO Berater Illustration – NordPush Experte mit Suchmaschinenoptimierung-Tools"
"https://nordpush.de/backlinks/","/backlinks/","https://nordpush.de/wp-content/uploads/2025/04/image-2.png",""
"https://nordpush.de/backlinks/","/backlinks/","https://nordpush.de/wp-content/uploads/2025/04/image-3.png",""
"https://nordpush.de/backlinks/","/backlinks/","https://nordpush.de/wp-content/uploads/2025/04/image-4.png",""
"https://nordpush.de/backlinks/","/backlinks/","https://nordpush.de/wp-content/uploads/2025/05/backlinks-aufbauen-1024x576.png","Backlinks aufbauen – Hochwertige Verlinkungen für stärkere Domain-Authority und Rankings"
"https://nordpush.de/backlinks/","/backlinks/","https://nordpush.de/wp-content/uploads/2025/05/image-16.png","Backlinks - NordPush"
"https://nordpush.de/backlinks/","/backlinks/","https://nordpush.de/wp-content/uploads/2025/05/pexels-cottonbro-5971247-scaled.jpg","Kundin - Judith"
"https://nordpush.de/backlinks/","/backlinks/","https://nordpush.de/wp-content/uploads/2025/05/pexels-olly-775091-scaled.jpg","Kunde - Tom"
"https://nordpush.de/backlinks/","/backlinks/","https://nordpush.de/wp-content/uploads/2025/05/pexels-pixabay-355022-scaled.jpg","Kundin - Lara"
"https://nordpush.de/category/wissen/","/category/wissen/","https://nordpush.de/wp-content/uploads/2025/04/cropped-Artboard-1-copy-e1744194301933.png",""
"https://nordpush.de/category/wissen/","/category/wissen/","https://nordpush.de/wp-content/uploads/2025/04/cropped-Artboard-1-copy-e1744194301933-165x48.png","NordPush Logo – SEO Agentur aus Neumünster"
"https://nordpush.de/content-marketing/","/content-marketing/","https://nordpush.de/wp-content/uploads/2025/04/cropped-Artboard-1-copy-e1744194301933.png",""
"https://nordpush.de/content-marketing/","/content-marketing/","https://nordpush.de/wp-content/uploads/2025/04/cropped-Artboard-1-copy-e1744194301933-165x48.png","NordPush Logo – SEO Agentur aus Neumünster"
"https://nordpush.de/content-marketing/","/content-marketing/","https://nordpush.de/wp-content/uploads/2025/04/image.png",""
"https://nordpush.de/content-marketing/","/content-marketing/","https://nordpush.de/wp-content/uploads/2025/04/image-1.png",""
"https://nordpush.de/content-marketing/","/content-marketing/","https://nordpush.de/wp-content/uploads/2025/04/image-12-916x1024.png","SEO Berater Illustration – NordPush Experte mit Suchmaschinenoptimierung-Tools"
"https://nordpush.de/content-marketing/","/content-marketing/","https://nordpush.de/wp-content/uploads/2025/04/image-2.png",""
"https://nordpush.de/content-marketing/","/content-marketing/","https://nordpush.de/wp-content/uploads/2025/04/image-3.png",""
"https://nordpush.de/content-marketing/","/content-marketing/","https://nordpush.de/wp-content/uploads/2025/04/image-4.png",""
"https://nordpush.de/content-marketing/","/content-marketing/","https://nordpush.de/wp-content/uploads/2025/05/content-marketing-1024x576.jpg","Content Marketing – Hochwertige Inhalte für bessere SEO-Rankings und mehr Reichweite"
"https://nordpush.de/content-marketing/","/content-marketing/","https://nordpush.de/wp-content/uploads/2025/05/image-17.png","Content Marketing - NordPush"
"https://nordpush.de/content-marketing/","/content-marketing/","https://nordpush.de/wp-content/uploads/2025/05/pexels-cottonbro-4064839-scaled.jpg","Kunde - Tim"
"https://nordpush.de/content-marketing/","/content-marketing/","https://nordpush.de/wp-content/uploads/2025/05/pexels-karolina-grabowska-8528852-scaled.jpg","Kundin - Carolyn"
"https://nordpush.de/content-marketing/","/content-marketing/","https://nordpush.de/wp-content/uploads/2025/05/pexels-linkedin-2182970-scaled.jpg","Kunde - Thomas"
"https://nordpush.de/content-templates/","/content-templates/","https://nordpush.de/wp-content/uploads/2025/04/cropped-Artboard-1-copy-e1744194301933.png",""
"https://nordpush.de/content-templates/","/content-templates/","https://nordpush.de/wp-content/uploads/2025/04/cropped-Artboard-1-copy-e1744194301933-165x48.png","NordPush Logo – SEO Agentur aus Neumünster"
"https://nordpush.de/content-templates/","/content-templates/","https://nordpush.de/wp-content/uploads/2025/04/image.png",""
"https://nordpush.de/content-templates/","/content-templates/","https://nordpush.de/wp-content/uploads/2025/04/image-1.png",""
"https://nordpush.de/content-templates/","/content-templates/","https://nordpush.de/wp-content/uploads/2025/04/image-12-916x1024.png","SEO Berater Illustration – NordPush Experte mit Suchmaschinenoptimierung-Tools"
"https://nordpush.de/content-templates/","/content-templates/","https://nordpush.de/wp-content/uploads/2025/04/image-2.png",""
"https://nordpush.de/content-templates/","/content-templates/","https://nordpush.de/wp-content/uploads/2025/04/image-3.png",""
"https://nordpush.de/content-templates/","/content-templates/","https://nordpush.de/wp-content/uploads/2025/04/image-4.png",""
"https://nordpush.de/content-templates/","/content-templates/","https://nordpush.de/wp-content/uploads/2025/05/content-template.png","Content Template - NordPush"
"https://nordpush.de/content-templates/","/content-templates/","https://nordpush.de/wp-content/uploads/2025/05/content-templates-1-1024x576.jpg","Content Templates – Vorlagen für effizientes und SEO-optimiertes Content Marketing"
"https://nordpush.de/content-templates/","/content-templates/","https://nordpush.de/wp-content/uploads/2025/05/pexels-olly-775091-scaled.jpg","Kunde - Tom"
"https://nordpush.de/content-templates/","/content-templates/","https://nordpush.de/wp-content/uploads/2025/05/pexels-polina-zimmerman-3747435-scaled.jpg","Kundin - Eva"
"https://nordpush.de/content-templates/","/content-templates/","https://nordpush.de/wp-content/uploads/2025/05/pexels-yankrukov-8867238-scaled.jpg","Kunde - Martin"
"https://nordpush.de/datenschutz/","/datenschutz/","https://nordpush.de/wp-content/uploads/2025/04/cropped-Artboard-1-copy-e1744194301933.png",""
"https://nordpush.de/datenschutz/","/datenschutz/","https://nordpush.de/wp-content/uploads/2025/04/cropped-Artboard-1-copy-e1744194301933-165x48.png","NordPush Logo – SEO Agentur aus Neumünster"
"https://nordpush.de/e-commerce-seo/","/e-commerce-seo/","https://nordpush.de/wp-content/uploads/2025/04/cropped-Artboard-1-copy-e1744194301933.png",""
"https://nordpush.de/e-commerce-seo/","/e-commerce-seo/","https://nordpush.de/wp-content/uploads/2025/04/cropped-Artboard-1-copy-e1744194301933-165x48.png","NordPush Logo – SEO Agentur aus Neumünster"
"https://nordpush.de/e-commerce-seo/","/e-commerce-seo/","https://nordpush.de/wp-content/uploads/2025/04/image.png",""
"https://nordpush.de/e-commerce-seo/","/e-commerce-seo/","https://nordpush.de/wp-content/uploads/2025/04/image-1.png",""
"https://nordpush.de/e-commerce-seo/","/e-commerce-seo/","https://nordpush.de/wp-content/uploads/2025/04/image-12-916x1024.png","SEO Berater Illustration – NordPush Experte mit Suchmaschinenoptimierung-Tools"
"https://nordpush.de/e-commerce-seo/","/e-commerce-seo/","https://nordpush.de/wp-content/uploads/2025/04/image-2.png",""
"https://nordpush.de/e-commerce-seo/","/e-commerce-seo/","https://nordpush.de/wp-content/uploads/2025/04/image-3.png",""
"https://nordpush.de/e-commerce-seo/","/e-commerce-seo/","https://nordpush.de/wp-content/uploads/2025/04/image-4.png",""
"https://nordpush.de/e-commerce-seo/","/e-commerce-seo/","https://nordpush.de/wp-content/uploads/2025/05/ecommerce-seo-1024x576.jpg","E-Commerce SEO – Online-Shop Optimierung für mehr Sichtbarkeit und Umsatz"
"https://nordpush.de/e-commerce-seo/","/e-commerce-seo/","https://nordpush.de/wp-content/uploads/2025/05/image-8.png","E-Commerce SEO - NordPush"
"https://nordpush.de/e-commerce-seo/","/e-commerce-seo/","https://nordpush.de/wp-content/uploads/2025/05/pexels-olly-948873-scaled.jpg","Kundin - Laura"
"https://nordpush.de/e-commerce-seo/","/e-commerce-seo/","https://nordpush.de/wp-content/uploads/2025/05/pexels-polina-zimmerman-3747435-scaled.jpg","Kundin - Eva"
"https://nordpush.de/e-commerce-seo/","/e-commerce-seo/","https://nordpush.de/wp-content/uploads/2025/05/pexels-ron-lach-8845112-scaled.jpg","Kunde - Ahmed"
"https://nordpush.de/etsy-seo/","/etsy-seo/","https://nordpush.de/wp-content/uploads/2025/04/cropped-Artboard-1-copy-e1744194301933.png",""
"https://nordpush.de/etsy-seo/","/etsy-seo/","https://nordpush.de/wp-content/uploads/2025/04/cropped-Artboard-1-copy-e1744194301933-165x48.png","NordPush Logo – SEO Agentur aus Neumünster"
"https://nordpush.de/etsy-seo/","/etsy-seo/","https://nordpush.de/wp-content/uploads/2025/04/image.png",""
"https://nordpush.de/etsy-seo/","/etsy-seo/","https://nordpush.de/wp-content/uploads/2025/04/image-1.png",""
"https://nordpush.de/etsy-seo/","/etsy-seo/","https://nordpush.de/wp-content/uploads/2025/04/image-2.png",""
"https://nordpush.de/etsy-seo/","/etsy-seo/","https://nordpush.de/wp-content/uploads/2025/04/image-3.png",""
"https://nordpush.de/etsy-seo/","/etsy-seo/","https://nordpush.de/wp-content/uploads/2025/04/image-4.png",""
"https://nordpush.de/etsy-seo/","/etsy-seo/","https://nordpush.de/wp-content/uploads/2025/05/pexels-kampus-6838615-scaled-e1747748053838.jpg","Kunde - Hans-Martin"
"https://nordpush.de/etsy-seo/","/etsy-seo/","https://nordpush.de/wp-content/uploads/2025/05/pexels-mikhail-nilov-6893947-scaled-e1747747969276.jpg","Kunde - Lukas"
"https://nordpush.de/etsy-seo/","/etsy-seo/","https://nordpush.de/wp-content/uploads/2025/05/pexels-yankrukov-8837809-scaled-e1747747748947.jpg","Kundin - Andrea"
"https://nordpush.de/etsy-seo/","/etsy-seo/","https://nordpush.de/wp-content/uploads/2025/06/Etsy-SEO.png","Etsy SEO"
"https://nordpush.de/etsy-seo/","/etsy-seo/","https://nordpush.de/wp-content/uploads/2025/06/Etsy-SEO-Faktoren-934x1024.png","Etsy SEO - Faktoren"
"https://nordpush.de/etsy-seo/","/etsy-seo/","https://nordpush.de/wp-content/uploads/2025/06/Etsy-SEO-Optimales-Listing-477x1024.png","Etsy SEO - Optimales Listing"
"https://nordpush.de/etsy-seo/","/etsy-seo/","https://nordpush.de/wp-content/uploads/2025/06/Etsy-SEO-optimiertes-Listing-1024x1024.png","Etsy SEO - optimiertes Listing"
"https://nordpush.de/geo-optimierung/","/geo-optimierung/","https://nordpush.de/wp-content/uploads/2025/04/cropped-Artboard-1-copy-e1744194301933.png",""
"https://nordpush.de/geo-optimierung/","/geo-optimierung/","https://nordpush.de/wp-content/uploads/2025/04/cropped-Artboard-1-copy-e1744194301933-165x48.png","NordPush Logo – SEO Agentur aus Neumünster"
"https://nordpush.de/geo-optimierung/","/geo-optimierung/","https://nordpush.de/wp-content/uploads/2025/04/image.png",""
"https://nordpush.de/geo-optimierung/","/geo-optimierung/","https://nordpush.de/wp-content/uploads/2025/04/image-1.png",""
"https://nordpush.de/geo-optimierung/","/geo-optimierung/","https://nordpush.de/wp-content/uploads/2025/04/image-12-916x1024.png","SEO Berater Illustration – NordPush Experte mit Suchmaschinenoptimierung-Tools"
"https://nordpush.de/geo-optimierung/","/geo-optimierung/","https://nordpush.de/wp-content/uploads/2025/04/image-2.png",""
"https://nordpush.de/geo-optimierung/","/geo-optimierung/","https://nordpush.de/wp-content/uploads/2025/04/image-3.png",""
"https://nordpush.de/geo-optimierung/","/geo-optimierung/","https://nordpush.de/wp-content/uploads/2025/04/image-4.png",""
"https://nordpush.de/geo-optimierung/","/geo-optimierung/","https://nordpush.de/wp-content/uploads/2025/05/geo-optimierung-1024x576.jpg","GEO Optimierung – Geo-Targeting für regionale Sichtbarkeit in der Google-Suche"
"https://nordpush.de/geo-optimierung/","/geo-optimierung/","https://nordpush.de/wp-content/uploads/2025/05/image-19.png","GEO Optimierung - NordPush"
"https://nordpush.de/geo-optimierung/","/geo-optimierung/","https://nordpush.de/wp-content/uploads/2025/05/pexels-olly-775091-scaled.jpg","Kunde - Tom"
"https://nordpush.de/geo-optimierung/","/geo-optimierung/","https://nordpush.de/wp-content/uploads/2025/05/pexels-polina-zimmerman-3747435-scaled.jpg","Kundin - Eva"
"https://nordpush.de/geo-optimierung/","/geo-optimierung/","https://nordpush.de/wp-content/uploads/2025/05/pexels-yankrukov-8867238-scaled.jpg","Kunde - Martin"
"https://nordpush.de/google-unternehmensprofil/","/google-unternehmensprofil/","https://nordpush.de/wp-content/uploads/2025/04/cropped-Artboard-1-copy-e1744194301933.png",""
"https://nordpush.de/google-unternehmensprofil/","/google-unternehmensprofil/","https://nordpush.de/wp-content/uploads/2025/04/cropped-Artboard-1-copy-e1744194301933-165x48.png","NordPush Logo – SEO Agentur aus Neumünster"
"https://nordpush.de/google-unternehmensprofil/","/google-unternehmensprofil/","https://nordpush.de/wp-content/uploads/2025/04/image.png",""
"https://nordpush.de/google-unternehmensprofil/","/google-unternehmensprofil/","https://nordpush.de/wp-content/uploads/2025/04/image-1.png",""
"https://nordpush.de/google-unternehmensprofil/","/google-unternehmensprofil/","https://nordpush.de/wp-content/uploads/2025/04/image-12-916x1024.png","SEO Berater Illustration – NordPush Experte mit Suchmaschinenoptimierung-Tools"
"https://nordpush.de/google-unternehmensprofil/","/google-unternehmensprofil/","https://nordpush.de/wp-content/uploads/2025/04/image-2.png",""
"https://nordpush.de/google-unternehmensprofil/","/google-unternehmensprofil/","https://nordpush.de/wp-content/uploads/2025/04/image-3.png",""
"https://nordpush.de/google-unternehmensprofil/","/google-unternehmensprofil/","https://nordpush.de/wp-content/uploads/2025/04/image-4.png",""
"https://nordpush.de/google-unternehmensprofil/","/google-unternehmensprofil/","https://nordpush.de/wp-content/uploads/2025/05/google-business.png","Google Unternehmensprofil - NordPush"
"https://nordpush.de/google-unternehmensprofil/","/google-unternehmensprofil/","https://nordpush.de/wp-content/uploads/2025/05/google-business-1024x576.jpg","Google Business Profil – Optimierung für bessere Sichtbarkeit in der lokalen Google-Suche"
"https://nordpush.de/google-unternehmensprofil/","/google-unternehmensprofil/","https://nordpush.de/wp-content/uploads/2025/05/pexels-olly-775091-scaled.jpg","Kunde - Tom"
"https://nordpush.de/google-unternehmensprofil/","/google-unternehmensprofil/","https://nordpush.de/wp-content/uploads/2025/05/pexels-polina-zimmerman-3747435-scaled.jpg","Kundin - Eva"
"https://nordpush.de/google-unternehmensprofil/","/google-unternehmensprofil/","https://nordpush.de/wp-content/uploads/2025/05/pexels-yankrukov-8867238-scaled.jpg","Kunde - Martin"
"https://nordpush.de/impressum/","/impressum/","https://nordpush.de/wp-content/uploads/2025/04/cropped-Artboard-1-copy-e1744194301933.png",""
"https://nordpush.de/impressum/","/impressum/","https://nordpush.de/wp-content/uploads/2025/04/cropped-Artboard-1-copy-e1744194301933-165x48.png","NordPush Logo – SEO Agentur aus Neumünster"
"https://nordpush.de/internationales-seo/","/internationales-seo/","https://nordpush.de/wp-content/uploads/2025/04/cropped-Artboard-1-copy-e1744194301933.png",""
"https://nordpush.de/internationales-seo/","/internationales-seo/","https://nordpush.de/wp-content/uploads/2025/04/cropped-Artboard-1-copy-e1744194301933-165x48.png","NordPush Logo – SEO Agentur aus Neumünster"
"https://nordpush.de/internationales-seo/","/internationales-seo/","https://nordpush.de/wp-content/uploads/2025/04/image.png",""
"https://nordpush.de/internationales-seo/","/internationales-seo/","https://nordpush.de/wp-content/uploads/2025/04/image-1.png",""
"https://nordpush.de/internationales-seo/","/internationales-seo/","https://nordpush.de/wp-content/uploads/2025/04/image-12-916x1024.png","SEO Berater Illustration – NordPush Experte mit Suchmaschinenoptimierung-Tools"
"https://nordpush.de/internationales-seo/","/internationales-seo/","https://nordpush.de/wp-content/uploads/2025/04/image-2.png",""
"https://nordpush.de/internationales-seo/","/internationales-seo/","https://nordpush.de/wp-content/uploads/2025/04/image-3.png",""
"https://nordpush.de/internationales-seo/","/internationales-seo/","https://nordpush.de/wp-content/uploads/2025/04/image-4.png",""
"https://nordpush.de/internationales-seo/","/internationales-seo/","https://nordpush.de/wp-content/uploads/2025/05/image-15.png","Internationales SEO - NordPush"
"https://nordpush.de/internationales-seo/","/internationales-seo/","https://nordpush.de/wp-content/uploads/2025/05/internationales-seo-1024x576.jpg","Internationales SEO – Mehrsprachige Website-Optimierung für globale Märkte"
"https://nordpush.de/internationales-seo/","/internationales-seo/","https://nordpush.de/wp-content/uploads/2025/05/pexels-italo-melo-881954-2379004-scaled.jpg","Kunde - Daniel"
"https://nordpush.de/internationales-seo/","/internationales-seo/","https://nordpush.de/wp-content/uploads/2025/05/pexels-latronico-709188-scaled.jpg","Zufriedene Kunden der NordPush SEO Agentur – über 100 positive Bewertungen"
"https://nordpush.de/internationales-seo/","/internationales-seo/","https://nordpush.de/wp-content/uploads/2025/05/pexels-yankrukov-8837809-scaled.jpg","Kundin - Andrea"
"https://nordpush.de/keyword-recherche/","/keyword-recherche/","https://nordpush.de/wp-content/uploads/2025/04/cropped-Artboard-1-copy-e1744194301933.png",""
"https://nordpush.de/keyword-recherche/","/keyword-recherche/","https://nordpush.de/wp-content/uploads/2025/04/cropped-Artboard-1-copy-e1744194301933-165x48.png","NordPush Logo – SEO Agentur aus Neumünster"
"https://nordpush.de/keyword-recherche/","/keyword-recherche/","https://nordpush.de/wp-content/uploads/2025/04/image.png",""
"https://nordpush.de/keyword-recherche/","/keyword-recherche/","https://nordpush.de/wp-content/uploads/2025/04/image-1.png",""
"https://nordpush.de/keyword-recherche/","/keyword-recherche/","https://nordpush.de/wp-content/uploads/2025/04/image-12-916x1024.png","SEO Berater Illustration – NordPush Experte mit Suchmaschinenoptimierung-Tools"
"https://nordpush.de/keyword-recherche/","/keyword-recherche/","https://nordpush.de/wp-content/uploads/2025/04/image-2.png",""
"https://nordpush.de/keyword-recherche/","/keyword-recherche/","https://nordpush.de/wp-content/uploads/2025/04/image-3.png",""
"https://nordpush.de/keyword-recherche/","/keyword-recherche/","https://nordpush.de/wp-content/uploads/2025/04/image-4.png",""
"https://nordpush.de/keyword-recherche/","/keyword-recherche/","https://nordpush.de/wp-content/uploads/2025/05/image-5.png","Keyword Recherche - NordPush"
"https://nordpush.de/keyword-recherche/","/keyword-recherche/","https://nordpush.de/wp-content/uploads/2025/05/keyword-recherche-1024x576.jpg","Keyword Recherche – Die richtigen Suchbegriffe für mehr organischen Traffic"
"https://nordpush.de/keyword-recherche/","/keyword-recherche/","https://nordpush.de/wp-content/uploads/2025/05/pexels-cristian-rojas-8477419-scaled.jpg","Kunde - Cristian"
"https://nordpush.de/keyword-recherche/","/keyword-recherche/","https://nordpush.de/wp-content/uploads/2025/05/pexels-marioschafer-12943051-scaled.jpg","Kundin - Sofia"
"https://nordpush.de/keyword-recherche/","/keyword-recherche/","https://nordpush.de/wp-content/uploads/2025/05/pexels-radu-cuprian-2710887-10046798-scaled.jpg","Kunde - Patrick"
"https://nordpush.de/kontakt/","/kontakt/","https://nordpush.de/wp-content/plugins/wpforms-lite/assets/images/submit-spin.svg","Wird geladen"
"https://nordpush.de/kontakt/","/kontakt/","https://nordpush.de/wp-content/uploads/2025/04/cropped-Artboard-1-copy-e1744194301933.png",""
"https://nordpush.de/kontakt/","/kontakt/","https://nordpush.de/wp-content/uploads/2025/04/cropped-Artboard-1-copy-e1744194301933-165x48.png","NordPush Logo – SEO Agentur aus Neumünster"
"https://nordpush.de/kontakt/","/kontakt/","https://nordpush.de/wp-content/uploads/2025/04/image.png",""
"https://nordpush.de/kontakt/","/kontakt/","https://nordpush.de/wp-content/uploads/2025/04/image-1.png",""
"https://nordpush.de/kontakt/","/kontakt/","https://nordpush.de/wp-content/uploads/2025/04/image-2.png",""
"https://nordpush.de/kontakt/","/kontakt/","https://nordpush.de/wp-content/uploads/2025/04/image-3.png",""
"https://nordpush.de/kontakt/","/kontakt/","https://nordpush.de/wp-content/uploads/2025/04/image-4.png",""
"https://nordpush.de/link-risk-management/","/link-risk-management/","https://nordpush.de/wp-content/uploads/2025/04/cropped-Artboard-1-copy-e1744194301933.png",""
"https://nordpush.de/link-risk-management/","/link-risk-management/","https://nordpush.de/wp-content/uploads/2025/04/cropped-Artboard-1-copy-e1744194301933-165x48.png","NordPush Logo – SEO Agentur aus Neumünster"
"https://nordpush.de/link-risk-management/","/link-risk-management/","https://nordpush.de/wp-content/uploads/2025/04/image.png",""
"https://nordpush.de/link-risk-management/","/link-risk-management/","https://nordpush.de/wp-content/uploads/2025/04/image-1.png",""
"https://nordpush.de/link-risk-management/","/link-risk-management/","https://nordpush.de/wp-content/uploads/2025/04/image-12-916x1024.png","SEO Berater Illustration – NordPush Experte mit Suchmaschinenoptimierung-Tools"
"https://nordpush.de/link-risk-management/","/link-risk-management/","https://nordpush.de/wp-content/uploads/2025/04/image-2.png",""
"https://nordpush.de/link-risk-management/","/link-risk-management/","https://nordpush.de/wp-content/uploads/2025/04/image-3.png",""
"https://nordpush.de/link-risk-management/","/link-risk-management/","https://nordpush.de/wp-content/uploads/2025/04/image-4.png",""
"https://nordpush.de/link-risk-management/","/link-risk-management/","https://nordpush.de/wp-content/uploads/2025/05/link-risk-management.png","Link Risk Management - NordPush"
"https://nordpush.de/link-risk-management/","/link-risk-management/","https://nordpush.de/wp-content/uploads/2025/05/link-risk-management-1024x576.jpg","Link Risk Management – Analyse und Bereinigung toxischer Backlinks zum Schutz des Rankings"
"https://nordpush.de/link-risk-management/","/link-risk-management/","https://nordpush.de/wp-content/uploads/2025/05/pexels-olly-775091-scaled.jpg","Kunde - Tom"
"https://nordpush.de/link-risk-management/","/link-risk-management/","https://nordpush.de/wp-content/uploads/2025/05/pexels-polina-zimmerman-3747435-scaled.jpg","Kundin - Eva"
"https://nordpush.de/link-risk-management/","/link-risk-management/","https://nordpush.de/wp-content/uploads/2025/05/pexels-yankrukov-8867238-scaled.jpg","Kunde - Martin"
"https://nordpush.de/pagespeed-optimierung/","/pagespeed-optimierung/","https://nordpush.de/wp-content/uploads/2025/04/cropped-Artboard-1-copy-e1744194301933.png",""
"https://nordpush.de/pagespeed-optimierung/","/pagespeed-optimierung/","https://nordpush.de/wp-content/uploads/2025/04/cropped-Artboard-1-copy-e1744194301933-165x48.png","NordPush Logo – SEO Agentur aus Neumünster"
"https://nordpush.de/pagespeed-optimierung/","/pagespeed-optimierung/","https://nordpush.de/wp-content/uploads/2025/04/image.png",""
"https://nordpush.de/pagespeed-optimierung/","/pagespeed-optimierung/","https://nordpush.de/wp-content/uploads/2025/04/image-1.png",""
"https://nordpush.de/pagespeed-optimierung/","/pagespeed-optimierung/","https://nordpush.de/wp-content/uploads/2025/04/image-12-916x1024.png","SEO Berater Illustration – NordPush Experte mit Suchmaschinenoptimierung-Tools"
"https://nordpush.de/pagespeed-optimierung/","/pagespeed-optimierung/","https://nordpush.de/wp-content/uploads/2025/04/image-2.png",""
"https://nordpush.de/pagespeed-optimierung/","/pagespeed-optimierung/","https://nordpush.de/wp-content/uploads/2025/04/image-3.png",""
"https://nordpush.de/pagespeed-optimierung/","/pagespeed-optimierung/","https://nordpush.de/wp-content/uploads/2025/04/image-4.png",""
"https://nordpush.de/pagespeed-optimierung/","/pagespeed-optimierung/","https://nordpush.de/wp-content/uploads/2025/05/image-10.png","PageSpeed-Optimierung - NordPush"
"https://nordpush.de/pagespeed-optimierung/","/pagespeed-optimierung/","https://nordpush.de/wp-content/uploads/2025/05/pagespeed-optimierung-1024x576.jpg","PageSpeed Optimierung – Ladezeiten verbessern für bessere User Experience und Rankings"
"https://nordpush.de/pagespeed-optimierung/","/pagespeed-optimierung/","https://nordpush.de/wp-content/uploads/2025/05/pexels-italo-melo-881954-2379004-scaled.jpg","Kunde - Daniel"
"https://nordpush.de/pagespeed-optimierung/","/pagespeed-optimierung/","https://nordpush.de/wp-content/uploads/2025/05/pexels-julianemonarifotografia-32026791-scaled.jpg","Kundin - Juliane"
"https://nordpush.de/pagespeed-optimierung/","/pagespeed-optimierung/","https://nordpush.de/wp-content/uploads/2025/05/pexels-pablo-gomez-2151419725-32098263-scaled.jpg","Kunde - Jan"
"https://nordpush.de/preise/","/preise/","https://nordpush.de/wp-content/uploads/2025/04/cropped-Artboard-1-copy-e1744194301933.png",""
"https://nordpush.de/preise/","/preise/","https://nordpush.de/wp-content/uploads/2025/04/cropped-Artboard-1-copy-e1744194301933-165x48.png","NordPush Logo – SEO Agentur aus Neumünster"
"https://nordpush.de/preise/","/preise/","https://nordpush.de/wp-content/uploads/2025/04/image.png",""
"https://nordpush.de/preise/","/preise/","https://nordpush.de/wp-content/uploads/2025/04/image-1.png",""
"https://nordpush.de/preise/","/preise/","https://nordpush.de/wp-content/uploads/2025/04/image-2.png",""
"https://nordpush.de/preise/","/preise/","https://nordpush.de/wp-content/uploads/2025/04/image-3.png",""
"https://nordpush.de/preise/","/preise/","https://nordpush.de/wp-content/uploads/2025/04/image-4.png",""
"https://nordpush.de/preise/","/preise/","https://nordpush.de/wp-content/uploads/2025/05/image-20.png","Preise - NordPush"
"https://nordpush.de/preise/","/preise/","https://nordpush.de/wp-content/uploads/2025/05/pexels-bymuratisikofficial-16090360-scaled.jpg","Kunde - Niklas"
"https://nordpush.de/preise/","/preise/","https://nordpush.de/wp-content/uploads/2025/05/pexels-olly-948873-scaled.jpg","Kundin - Laura"
"https://nordpush.de/preise/","/preise/","https://nordpush.de/wp-content/uploads/2025/05/pexels-tomas-guerra-fotografia-2152176073-32063728-scaled.jpg","Kunde - Markus"
"https://nordpush.de/preise/","/preise/","https://nordpush.de/wp-content/uploads/2025/05/unsere-preise-1024x576.png","NordPush SEO Preise – Transparente Preisgestaltung für alle SEO-Leistungen"
"https://nordpush.de/seo-audit/","/seo-audit/","https://nordpush.de/wp-content/uploads/2025/04/cropped-Artboard-1-copy-e1744194301933.png",""
"https://nordpush.de/seo-audit/","/seo-audit/","https://nordpush.de/wp-content/uploads/2025/04/cropped-Artboard-1-copy-e1744194301933-165x48.png","NordPush Logo – SEO Agentur aus Neumünster"
"https://nordpush.de/seo-audit/","/seo-audit/","https://nordpush.de/wp-content/uploads/2025/04/image.png",""
"https://nordpush.de/seo-audit/","/seo-audit/","https://nordpush.de/wp-content/uploads/2025/04/image-1.png",""
"https://nordpush.de/seo-audit/","/seo-audit/","https://nordpush.de/wp-content/uploads/2025/04/image-12-916x1024.png","SEO Berater Illustration – NordPush Experte mit Suchmaschinenoptimierung-Tools"
"https://nordpush.de/seo-audit/","/seo-audit/","https://nordpush.de/wp-content/uploads/2025/04/image-2.png",""
"https://nordpush.de/seo-audit/","/seo-audit/","https://nordpush.de/wp-content/uploads/2025/04/image-3.png",""
"https://nordpush.de/seo-audit/","/seo-audit/","https://nordpush.de/wp-content/uploads/2025/04/image-4.png",""
"https://nordpush.de/seo-audit/","/seo-audit/","https://nordpush.de/wp-content/uploads/2025/05/image-2.png","SEO Audit - NordPush"
"https://nordpush.de/seo-audit/","/seo-audit/","https://nordpush.de/wp-content/uploads/2025/05/pexels-divinetechygirl-1181424-scaled.jpg","Kundin - Ingrid"
"https://nordpush.de/seo-audit/","/seo-audit/","https://nordpush.de/wp-content/uploads/2025/05/pexels-mikhail-nilov-6893947-scaled.jpg","Kunde - Lukas"
"https://nordpush.de/seo-audit/","/seo-audit/","https://nordpush.de/wp-content/uploads/2025/05/pexels-tomas-guerra-fotografia-2152176073-32063728-scaled.jpg","Kunde - Markus"
"https://nordpush.de/seo-audit/","/seo-audit/","https://nordpush.de/wp-content/uploads/2025/05/seo-audit-1024x576.jpg","SEO Audit – Umfassende Website-Analyse zur Identifikation von Optimierungspotenzialen"
"https://nordpush.de/seo-bamberg/","/seo-bamberg/","https://nordpush.de/wp-content/uploads/2025/04/cropped-Artboard-1-copy-e1744194301933.png",""
"https://nordpush.de/seo-bamberg/","/seo-bamberg/","https://nordpush.de/wp-content/uploads/2025/04/cropped-Artboard-1-copy-e1744194301933-165x48.png","NordPush Logo – SEO Agentur aus Neumünster"
"https://nordpush.de/seo-bamberg/","/seo-bamberg/","https://nordpush.de/wp-content/uploads/2025/04/image.png","Kunde"
"https://nordpush.de/seo-bamberg/","/seo-bamberg/","https://nordpush.de/wp-content/uploads/2025/04/image-1.png","Kunde"
"https://nordpush.de/seo-bamberg/","/seo-bamberg/","https://nordpush.de/wp-content/uploads/2025/04/image-2.png","Kunde"
"https://nordpush.de/seo-bamberg/","/seo-bamberg/","https://nordpush.de/wp-content/uploads/2025/04/image-3.png","Kunde"
"https://nordpush.de/seo-bamberg/","/seo-bamberg/","https://nordpush.de/wp-content/uploads/2025/04/image-4.png","Kunde"
"https://nordpush.de/seo-bamberg/","/seo-bamberg/","https://nordpush.de/wp-content/uploads/2025/05/pexels-linkedin-2182970-scaled-e1747747989107.jpg","Kunde - Thomas"
"https://nordpush.de/seo-bamberg/","/seo-bamberg/","https://nordpush.de/wp-content/uploads/2025/05/pexels-olly-948873-scaled-e1747747960818.jpg","Kundin - Laura"
"https://nordpush.de/seo-bamberg/","/seo-bamberg/","https://nordpush.de/wp-content/uploads/2025/05/pexels-thisisengineering-3861954-scaled-e1747747827109.jpg","Kundin - Maria"
"https://nordpush.de/seo-bamberg/","/seo-bamberg/","https://nordpush.de/wp-content/uploads/2025/07/SEOBamberg.png","SEO Bamberg"
"https://nordpush.de/seo-beratung/","/seo-beratung/","https://nordpush.de/wp-content/uploads/2025/04/cropped-Artboard-1-copy-e1744194301933.png",""
"https://nordpush.de/seo-beratung/","/seo-beratung/","https://nordpush.de/wp-content/uploads/2025/04/cropped-Artboard-1-copy-e1744194301933-165x48.png","NordPush Logo – SEO Agentur aus Neumünster"
"https://nordpush.de/seo-beratung/","/seo-beratung/","https://nordpush.de/wp-content/uploads/2025/04/image.png",""
"https://nordpush.de/seo-beratung/","/seo-beratung/","https://nordpush.de/wp-content/uploads/2025/04/image-1.png",""
"https://nordpush.de/seo-beratung/","/seo-beratung/","https://nordpush.de/wp-content/uploads/2025/04/image-10-1024x1018.png","SEO Beratung - NordPush"
"https://nordpush.de/seo-beratung/","/seo-beratung/","https://nordpush.de/wp-content/uploads/2025/04/image-12-916x1024.png","SEO Berater Illustration – NordPush Experte mit Suchmaschinenoptimierung-Tools"
"https://nordpush.de/seo-beratung/","/seo-beratung/","https://nordpush.de/wp-content/uploads/2025/04/image-2.png",""
"https://nordpush.de/seo-beratung/","/seo-beratung/","https://nordpush.de/wp-content/uploads/2025/04/image-3.png",""
"https://nordpush.de/seo-beratung/","/seo-beratung/","https://nordpush.de/wp-content/uploads/2025/04/image-4.png",""
"https://nordpush.de/seo-beratung/","/seo-beratung/","https://nordpush.de/wp-content/uploads/2025/05/Bildschirmfoto-2025-05-16-um-22.13.36-e1747432265995.png","Kunde - Jan"
"https://nordpush.de/seo-beratung/","/seo-beratung/","https://nordpush.de/wp-content/uploads/2025/05/pexels-ander-maso-lord-ander-m-2147531762-32090016-scaled.jpg","Kundin - Julia"
"https://nordpush.de/seo-beratung/","/seo-beratung/","https://nordpush.de/wp-content/uploads/2025/05/pexels-yankrukov-8867238-scaled.jpg","Kunde - Martin"
"https://nordpush.de/seo-beratung/","/seo-beratung/","https://nordpush.de/wp-content/uploads/2025/05/seo-beratung-1024x576.jpg","SEO Beratung – Individuelle Expertenberatung für bessere Google-Rankings"
"https://nordpush.de/seo-betreuung/","/seo-betreuung/","https://nordpush.de/wp-content/uploads/2025/04/cropped-Artboard-1-copy-e1744194301933.png",""
"https://nordpush.de/seo-betreuung/","/seo-betreuung/","https://nordpush.de/wp-content/uploads/2025/04/cropped-Artboard-1-copy-e1744194301933-165x48.png","NordPush Logo – SEO Agentur aus Neumünster"
"https://nordpush.de/seo-betreuung/","/seo-betreuung/","https://nordpush.de/wp-content/uploads/2025/04/image.png",""
"https://nordpush.de/seo-betreuung/","/seo-betreuung/","https://nordpush.de/wp-content/uploads/2025/04/image-1.png",""
"https://nordpush.de/seo-betreuung/","/seo-betreuung/","https://nordpush.de/wp-content/uploads/2025/04/image-12-916x1024.png","SEO Berater Illustration – NordPush Experte mit Suchmaschinenoptimierung-Tools"
"https://nordpush.de/seo-betreuung/","/seo-betreuung/","https://nordpush.de/wp-content/uploads/2025/04/image-2.png",""
"https://nordpush.de/seo-betreuung/","/seo-betreuung/","https://nordpush.de/wp-content/uploads/2025/04/image-3.png",""
"https://nordpush.de/seo-betreuung/","/seo-betreuung/","https://nordpush.de/wp-content/uploads/2025/04/image-4.png",""
"https://nordpush.de/seo-betreuung/","/seo-betreuung/","https://nordpush.de/wp-content/uploads/2025/05/Bildschirmfoto-2025-05-16-um-22.13.36-e1747432265995.png","Kunde - Jan"
"https://nordpush.de/seo-betreuung/","/seo-betreuung/","https://nordpush.de/wp-content/uploads/2025/05/image-11.png","SEO Betreuung - NordPush"
"https://nordpush.de/seo-betreuung/","/seo-betreuung/","https://nordpush.de/wp-content/uploads/2025/05/pexels-mikhail-nilov-6893947-scaled.jpg","Kunde - Lukas"
"https://nordpush.de/seo-betreuung/","/seo-betreuung/","https://nordpush.de/wp-content/uploads/2025/05/pexels-pixabay-38554-scaled.jpg","Kundin - Lina"
"https://nordpush.de/seo-betreuung/","/seo-betreuung/","https://nordpush.de/wp-content/uploads/2025/05/seo-betreuung-1024x576.jpg","SEO Betreuung – Kontinuierliche SEO-Optimierung für dauerhaft starke Google-Positionen"
"https://nordpush.de/seo-fuer-lokale-unternehmen/","/seo-fuer-lokale-unternehmen/","https://nordpush.de/wp-content/uploads/2025/04/cropped-Artboard-1-copy-e1744194301933.png",""
"https://nordpush.de/seo-fuer-lokale-unternehmen/","/seo-fuer-lokale-unternehmen/","https://nordpush.de/wp-content/uploads/2025/04/cropped-Artboard-1-copy-e1744194301933-165x48.png","NordPush Logo – SEO Agentur aus Neumünster"
"https://nordpush.de/seo-fuer-lokale-unternehmen/","/seo-fuer-lokale-unternehmen/","https://nordpush.de/wp-content/uploads/2025/04/image.png",""
"https://nordpush.de/seo-fuer-lokale-unternehmen/","/seo-fuer-lokale-unternehmen/","https://nordpush.de/wp-content/uploads/2025/04/image-1.png",""
"https://nordpush.de/seo-fuer-lokale-unternehmen/","/seo-fuer-lokale-unternehmen/","https://nordpush.de/wp-content/uploads/2025/04/image-12-916x1024.png","SEO Berater Illustration – NordPush Experte mit Suchmaschinenoptimierung-Tools"
"https://nordpush.de/seo-fuer-lokale-unternehmen/","/seo-fuer-lokale-unternehmen/","https://nordpush.de/wp-content/uploads/2025/04/image-2.png",""
"https://nordpush.de/seo-fuer-lokale-unternehmen/","/seo-fuer-lokale-unternehmen/","https://nordpush.de/wp-content/uploads/2025/04/image-3.png",""
"https://nordpush.de/seo-fuer-lokale-unternehmen/","/seo-fuer-lokale-unternehmen/","https://nordpush.de/wp-content/uploads/2025/04/image-4.png",""
"https://nordpush.de/seo-fuer-lokale-unternehmen/","/seo-fuer-lokale-unternehmen/","https://nordpush.de/wp-content/uploads/2025/05/image-13.png","SEO für lokale Unternehmen - NordPush"
"https://nordpush.de/seo-fuer-lokale-unternehmen/","/seo-fuer-lokale-unternehmen/","https://nordpush.de/wp-content/uploads/2025/05/pexels-karolina-grabowska-8528852-scaled.jpg","Kundin - Carolyn"
"https://nordpush.de/seo-fuer-lokale-unternehmen/","/seo-fuer-lokale-unternehmen/","https://nordpush.de/wp-content/uploads/2025/05/pexels-linkedin-2182970-scaled.jpg","Kunde - Thomas"
"https://nordpush.de/seo-fuer-lokale-unternehmen/","/seo-fuer-lokale-unternehmen/","https://nordpush.de/wp-content/uploads/2025/05/pexels-thisisengineering-3861954-scaled.jpg","Kundin - Maria"
"https://nordpush.de/seo-fuer-lokale-unternehmen/","/seo-fuer-lokale-unternehmen/","https://nordpush.de/wp-content/uploads/2025/05/seo-fuer-lokale-unternehmen-1024x576.jpg","Lokales SEO – Suchmaschinenoptimierung für lokale Unternehmen und regionale Sichtbarkeit"
"https://nordpush.de/seo-konkurrenzanalyse/","/seo-konkurrenzanalyse/","https://nordpush.de/wp-content/uploads/2025/04/cropped-Artboard-1-copy-e1744194301933.png",""
"https://nordpush.de/seo-konkurrenzanalyse/","/seo-konkurrenzanalyse/","https://nordpush.de/wp-content/uploads/2025/04/cropped-Artboard-1-copy-e1744194301933-165x48.png","NordPush Logo – SEO Agentur aus Neumünster"
"https://nordpush.de/seo-konkurrenzanalyse/","/seo-konkurrenzanalyse/","https://nordpush.de/wp-content/uploads/2025/04/image.png",""
"https://nordpush.de/seo-konkurrenzanalyse/","/seo-konkurrenzanalyse/","https://nordpush.de/wp-content/uploads/2025/04/image-1.png",""
"https://nordpush.de/seo-konkurrenzanalyse/","/seo-konkurrenzanalyse/","https://nordpush.de/wp-content/uploads/2025/04/image-12-916x1024.png","SEO Berater Illustration – NordPush Experte mit Suchmaschinenoptimierung-Tools"
"https://nordpush.de/seo-konkurrenzanalyse/","/seo-konkurrenzanalyse/","https://nordpush.de/wp-content/uploads/2025/04/image-2.png",""
"https://nordpush.de/seo-konkurrenzanalyse/","/seo-konkurrenzanalyse/","https://nordpush.de/wp-content/uploads/2025/04/image-3.png",""
"https://nordpush.de/seo-konkurrenzanalyse/","/seo-konkurrenzanalyse/","https://nordpush.de/wp-content/uploads/2025/04/image-4.png",""
"https://nordpush.de/seo-konkurrenzanalyse/","/seo-konkurrenzanalyse/","https://nordpush.de/wp-content/uploads/2025/05/image-4.png","SEO Konkurrenzanalyse - NordPush"
"https://nordpush.de/seo-konkurrenzanalyse/","/seo-konkurrenzanalyse/","https://nordpush.de/wp-content/uploads/2025/05/pexels-cottonbro-5971247-scaled.jpg","Kundin - Judith"
"https://nordpush.de/seo-konkurrenzanalyse/","/seo-konkurrenzanalyse/","https://nordpush.de/wp-content/uploads/2025/05/pexels-kampus-8353841-scaled.jpg","Kunde - Jürgen"
"https://nordpush.de/seo-konkurrenzanalyse/","/seo-konkurrenzanalyse/","https://nordpush.de/wp-content/uploads/2025/05/pexels-karolina-grabowska-8528852-scaled.jpg","Kundin - Carolyn"
"https://nordpush.de/seo-konkurrenzanalyse/","/seo-konkurrenzanalyse/","https://nordpush.de/wp-content/uploads/2025/05/seo-konkurrenzanalyse-1024x576.jpg","SEO Konkurrenzanalyse – Wettbewerber analysieren und in den Rankings übertreffen"
"https://nordpush.de/seo-monitoring/","/seo-monitoring/","https://nordpush.de/wp-content/uploads/2025/04/cropped-Artboard-1-copy-e1744194301933.png",""
"https://nordpush.de/seo-monitoring/","/seo-monitoring/","https://nordpush.de/wp-content/uploads/2025/04/cropped-Artboard-1-copy-e1744194301933-165x48.png","NordPush Logo – SEO Agentur aus Neumünster"
"https://nordpush.de/seo-monitoring/","/seo-monitoring/","https://nordpush.de/wp-content/uploads/2025/04/image.png",""
"https://nordpush.de/seo-monitoring/","/seo-monitoring/","https://nordpush.de/wp-content/uploads/2025/04/image-1.png",""
"https://nordpush.de/seo-monitoring/","/seo-monitoring/","https://nordpush.de/wp-content/uploads/2025/04/image-12-916x1024.png","SEO Berater Illustration – NordPush Experte mit Suchmaschinenoptimierung-Tools"
"https://nordpush.de/seo-monitoring/","/seo-monitoring/","https://nordpush.de/wp-content/uploads/2025/04/image-2.png",""
"https://nordpush.de/seo-monitoring/","/seo-monitoring/","https://nordpush.de/wp-content/uploads/2025/04/image-3.png",""
"https://nordpush.de/seo-monitoring/","/seo-monitoring/","https://nordpush.de/wp-content/uploads/2025/04/image-4.png",""
"https://nordpush.de/seo-monitoring/","/seo-monitoring/","https://nordpush.de/wp-content/uploads/2025/05/image-14.png","SEO Monitoring - NordPush"
"https://nordpush.de/seo-monitoring/","/seo-monitoring/","https://nordpush.de/wp-content/uploads/2025/05/pexels-karolina-grabowska-6333970-scaled.jpg","Kunde - Max"
"https://nordpush.de/seo-monitoring/","/seo-monitoring/","https://nordpush.de/wp-content/uploads/2025/05/pexels-stefanstefancik-91227-scaled.jpg","SEO Monitoring – Kontinuierliche Überwachung der Google-Rankings und Website-Performance"
"https://nordpush.de/seo-monitoring/","/seo-monitoring/","https://nordpush.de/wp-content/uploads/2025/05/pexels-yankrukov-8867238-scaled.jpg","Kunde - Martin"
"https://nordpush.de/seo-monitoring/","/seo-monitoring/","https://nordpush.de/wp-content/uploads/2025/05/seo-monitoring-1024x576.jpg","SEO Monitoring Dashboard – Ranking-Entwicklung und Traffic-Daten im Überblick"
"https://nordpush.de/seo-neumuenster/","/seo-neumuenster/","https://nordpush.de/wp-content/uploads/2025/04/cropped-Artboard-1-copy-e1744194301933.png",""
"https://nordpush.de/seo-neumuenster/","/seo-neumuenster/","https://nordpush.de/wp-content/uploads/2025/04/cropped-Artboard-1-copy-e1744194301933-165x48.png","NordPush Logo – SEO Agentur aus Neumünster"
"https://nordpush.de/seo-neumuenster/","/seo-neumuenster/","https://nordpush.de/wp-content/uploads/2025/04/image.png",""
"https://nordpush.de/seo-neumuenster/","/seo-neumuenster/","https://nordpush.de/wp-content/uploads/2025/04/image-1.png",""
"https://nordpush.de/seo-neumuenster/","/seo-neumuenster/","https://nordpush.de/wp-content/uploads/2025/04/image-2.png",""
"https://nordpush.de/seo-neumuenster/","/seo-neumuenster/","https://nordpush.de/wp-content/uploads/2025/04/image-3.png",""
"https://nordpush.de/seo-neumuenster/","/seo-neumuenster/","https://nordpush.de/wp-content/uploads/2025/04/image-4.png",""
"https://nordpush.de/seo-neumuenster/","/seo-neumuenster/","https://nordpush.de/wp-content/uploads/2025/05/pexels-kampus-6838615-scaled-e1747748053838.jpg","Kunde - Hans-Martin"
"https://nordpush.de/seo-neumuenster/","/seo-neumuenster/","https://nordpush.de/wp-content/uploads/2025/05/pexels-mikhail-nilov-6893947-scaled-e1747747969276.jpg","Kunde - Lukas"
"https://nordpush.de/seo-neumuenster/","/seo-neumuenster/","https://nordpush.de/wp-content/uploads/2025/05/pexels-yankrukov-8837809-scaled-e1747747748947.jpg","Kundin - Andrea"
"https://nordpush.de/seo-neumuenster/","/seo-neumuenster/","https://nordpush.de/wp-content/uploads/2025/06/image.png","SEO Neumünster"
"https://nordpush.de/seo-neumuenster/","/seo-neumuenster/","https://nordpush.de/wp-content/uploads/2025/06/image-1-1024x684.png","SEO Agentur Neumünster – NordPush unterstützt lokale Unternehmen bei der Google-Optimierung"
"https://nordpush.de/seo-neumuenster/","/seo-neumuenster/","https://nordpush.de/wp-content/uploads/2025/06/image-2-901x1024.png","SEO Experte Neumünster – Persönliche Beratung durch NordPush direkt vor Ort"
"https://nordpush.de/seo-neumuenster/","/seo-neumuenster/","https://nordpush.de/wp-content/uploads/2025/06/image-3-1024x512.png","SEO Neumünster – Messbare Ranking-Verbesserungen für Unternehmen in der Region"
"https://nordpush.de/seo-neumuenster/","/seo-neumuenster/","https://nordpush.de/wp-content/uploads/2025/06/image-4-1024x684.png","SEO Ergebnisse Neumünster – Erfolgreiche SEO-Strategien für lokale Unternehmen"
"https://nordpush.de/seo-relaunch/","/seo-relaunch/","https://nordpush.de/wp-content/uploads/2025/04/cropped-Artboard-1-copy-e1744194301933.png",""
"https://nordpush.de/seo-relaunch/","/seo-relaunch/","https://nordpush.de/wp-content/uploads/2025/04/cropped-Artboard-1-copy-e1744194301933-165x48.png","NordPush Logo – SEO Agentur aus Neumünster"
"https://nordpush.de/seo-relaunch/","/seo-relaunch/","https://nordpush.de/wp-content/uploads/2025/04/image.png",""
"https://nordpush.de/seo-relaunch/","/seo-relaunch/","https://nordpush.de/wp-content/uploads/2025/04/image-1.png",""
"https://nordpush.de/seo-relaunch/","/seo-relaunch/","https://nordpush.de/wp-content/uploads/2025/04/image-12-916x1024.png","SEO Berater Illustration – NordPush Experte mit Suchmaschinenoptimierung-Tools"
"https://nordpush.de/seo-relaunch/","/seo-relaunch/","https://nordpush.de/wp-content/uploads/2025/04/image-2.png",""
"https://nordpush.de/seo-relaunch/","/seo-relaunch/","https://nordpush.de/wp-content/uploads/2025/04/image-3.png",""
"https://nordpush.de/seo-relaunch/","/seo-relaunch/","https://nordpush.de/wp-content/uploads/2025/04/image-4.png",""
"https://nordpush.de/seo-relaunch/","/seo-relaunch/","https://nordpush.de/wp-content/uploads/2025/05/image-7.png","SEO Relaunch Betreuung - NordPush"
"https://nordpush.de/seo-relaunch/","/seo-relaunch/","https://nordpush.de/wp-content/uploads/2025/05/pexels-khang-do-duy-193016798-11510398-scaled.jpg","Kunde - Marcel"
"https://nordpush.de/seo-relaunch/","/seo-relaunch/","https://nordpush.de/wp-content/uploads/2025/05/pexels-olly-775091-scaled.jpg","Kunde - Tom"
"https://nordpush.de/seo-relaunch/","/seo-relaunch/","https://nordpush.de/wp-content/uploads/2025/05/pexels-vantik93-32076871-scaled.jpg","Kunde - Jonathan"
"https://nordpush.de/seo-relaunch/","/seo-relaunch/","https://nordpush.de/wp-content/uploads/2025/05/seo-relaunch-1-1024x576.jpg","SEO Relaunch – Website-Relaunch mit durchdachter SEO-Strategie ohne Rankingverluste"
"https://nordpush.de/seo-sachsen/","/seo-sachsen/","https://nordpush.de/wp-content/uploads/2025/04/cropped-Artboard-1-copy-e1744194301933.png",""
"https://nordpush.de/seo-sachsen/","/seo-sachsen/","https://nordpush.de/wp-content/uploads/2025/04/cropped-Artboard-1-copy-e1744194301933-165x48.png","NordPush Logo – SEO Agentur aus Neumünster"
"https://nordpush.de/seo-sachsen/","/seo-sachsen/","https://nordpush.de/wp-content/uploads/2025/04/image.png",""
"https://nordpush.de/seo-sachsen/","/seo-sachsen/","https://nordpush.de/wp-content/uploads/2025/04/image-1.png",""
"https://nordpush.de/seo-sachsen/","/seo-sachsen/","https://nordpush.de/wp-content/uploads/2025/04/image-2.png",""
"https://nordpush.de/seo-sachsen/","/seo-sachsen/","https://nordpush.de/wp-content/uploads/2025/04/image-3.png",""
"https://nordpush.de/seo-sachsen/","/seo-sachsen/","https://nordpush.de/wp-content/uploads/2025/04/image-4.png",""
"https://nordpush.de/seo-sachsen/","/seo-sachsen/","https://nordpush.de/wp-content/uploads/2025/05/pexels-kampus-6838615-scaled-e1747748053838.jpg","Kunde - Hans-Martin"
"https://nordpush.de/seo-sachsen/","/seo-sachsen/","https://nordpush.de/wp-content/uploads/2025/05/pexels-mikhail-nilov-6893947-scaled-e1747747969276.jpg","Kunde - Lukas"
"https://nordpush.de/seo-sachsen/","/seo-sachsen/","https://nordpush.de/wp-content/uploads/2025/05/pexels-yankrukov-8837809-scaled-e1747747748947.jpg","Kundin - Andrea"
"https://nordpush.de/seo-sachsen/","/seo-sachsen/","https://nordpush.de/wp-content/uploads/2025/06/SEOSachsen.png","SEO Sachsen"
"https://nordpush.de/seo-sachsen/","/seo-sachsen/","https://nordpush.de/wp-content/uploads/2025/06/SEO-Sachsen-Keyword-Pyramide.png","SEO Sachsen - Keyword-Pyramide"
"https://nordpush.de/seo-sachsen/","/seo-sachsen/","https://nordpush.de/wp-content/uploads/2025/06/SEO-Sachsen-Suchstatistiken.png","SEO Sachsen - Suchstatistiken"
"https://nordpush.de/seo-strategie/","/seo-strategie/","https://nordpush.de/wp-content/uploads/2025/04/cropped-Artboard-1-copy-e1744194301933.png",""
"https://nordpush.de/seo-strategie/","/seo-strategie/","https://nordpush.de/wp-content/uploads/2025/04/cropped-Artboard-1-copy-e1744194301933-165x48.png","NordPush Logo – SEO Agentur aus Neumünster"
"https://nordpush.de/seo-strategie/","/seo-strategie/","https://nordpush.de/wp-content/uploads/2025/04/image.png",""
"https://nordpush.de/seo-strategie/","/seo-strategie/","https://nordpush.de/wp-content/uploads/2025/04/image-1.png",""
"https://nordpush.de/seo-strategie/","/seo-strategie/","https://nordpush.de/wp-content/uploads/2025/04/image-12-916x1024.png","SEO Berater Illustration – NordPush Experte mit Suchmaschinenoptimierung-Tools"
"https://nordpush.de/seo-strategie/","/seo-strategie/","https://nordpush.de/wp-content/uploads/2025/04/image-2.png",""
"https://nordpush.de/seo-strategie/","/seo-strategie/","https://nordpush.de/wp-content/uploads/2025/04/image-3.png",""
"https://nordpush.de/seo-strategie/","/seo-strategie/","https://nordpush.de/wp-content/uploads/2025/04/image-4.png",""
"https://nordpush.de/seo-strategie/","/seo-strategie/","https://nordpush.de/wp-content/uploads/2025/05/image-3.png","SEO Strategie - NordPush"
"https://nordpush.de/seo-strategie/","/seo-strategie/","https://nordpush.de/wp-content/uploads/2025/05/pexels-cottonbro-4064839-scaled.jpg","Kunde - Tim"
"https://nordpush.de/seo-strategie/","/seo-strategie/","https://nordpush.de/wp-content/uploads/2025/05/pexels-linkedin-2182970-scaled.jpg","Kunde - Thomas"
"https://nordpush.de/seo-strategie/","/seo-strategie/","https://nordpush.de/wp-content/uploads/2025/05/pexels-thisisengineering-3861954-scaled.jpg","Kundin - Maria"
"https://nordpush.de/seo-strategie/","/seo-strategie/","https://nordpush.de/wp-content/uploads/2025/05/seo-strategie-1024x576.jpg","SEO Strategie – Maßgeschneiderte Planung für nachhaltiges Suchmaschinen-Wachstum"
"https://nordpush.de/seo-texte-schreiben/","/seo-texte-schreiben/","https://nordpush.de/wp-content/uploads/2025/04/cropped-Artboard-1-copy-e1744194301933.png",""
"https://nordpush.de/seo-texte-schreiben/","/seo-texte-schreiben/","https://nordpush.de/wp-content/uploads/2025/04/cropped-Artboard-1-copy-e1744194301933-165x48.png","NordPush Logo – SEO Agentur aus Neumünster"
"https://nordpush.de/seo-texte-schreiben/","/seo-texte-schreiben/","https://nordpush.de/wp-content/uploads/2025/04/image.png",""
"https://nordpush.de/seo-texte-schreiben/","/seo-texte-schreiben/","https://nordpush.de/wp-content/uploads/2025/04/image-1.png",""
"https://nordpush.de/seo-texte-schreiben/","/seo-texte-schreiben/","https://nordpush.de/wp-content/uploads/2025/04/image-12-916x1024.png","SEO Berater Illustration – NordPush Experte mit Suchmaschinenoptimierung-Tools"
"https://nordpush.de/seo-texte-schreiben/","/seo-texte-schreiben/","https://nordpush.de/wp-content/uploads/2025/04/image-2.png",""
"https://nordpush.de/seo-texte-schreiben/","/seo-texte-schreiben/","https://nordpush.de/wp-content/uploads/2025/04/image-3.png",""
"https://nordpush.de/seo-texte-schreiben/","/seo-texte-schreiben/","https://nordpush.de/wp-content/uploads/2025/04/image-4.png",""
"https://nordpush.de/seo-texte-schreiben/","/seo-texte-schreiben/","https://nordpush.de/wp-content/uploads/2025/05/image-18.png","SEO Texte schreiben - NordPush"
"https://nordpush.de/seo-texte-schreiben/","/seo-texte-schreiben/","https://nordpush.de/wp-content/uploads/2025/05/pexels-kampus-6838615-scaled.jpg","Kunde - Hans-Martin"
"https://nordpush.de/seo-texte-schreiben/","/seo-texte-schreiben/","https://nordpush.de/wp-content/uploads/2025/05/pexels-pablo-gomez-2151419725-32098263-scaled.jpg","Kunde - Jan"
"https://nordpush.de/seo-texte-schreiben/","/seo-texte-schreiben/","https://nordpush.de/wp-content/uploads/2025/05/pexels-radu-cuprian-2710887-10046798-scaled.jpg","Kunde - Patrick"
"https://nordpush.de/seo-texte-schreiben/","/seo-texte-schreiben/","https://nordpush.de/wp-content/uploads/2025/05/seo-texte-schreiben-1024x576.jpg","SEO Texte schreiben – Professionelle suchmaschinenoptimierte Texte für bessere Rankings"
"https://nordpush.de/technisches-seo-audit/","/technisches-seo-audit/","https://nordpush.de/wp-content/uploads/2025/04/cropped-Artboard-1-copy-e1744194301933.png",""
"https://nordpush.de/technisches-seo-audit/","/technisches-seo-audit/","https://nordpush.de/wp-content/uploads/2025/04/cropped-Artboard-1-copy-e1744194301933-165x48.png","NordPush Logo – SEO Agentur aus Neumünster"
"https://nordpush.de/technisches-seo-audit/","/technisches-seo-audit/","https://nordpush.de/wp-content/uploads/2025/04/image.png",""
"https://nordpush.de/technisches-seo-audit/","/technisches-seo-audit/","https://nordpush.de/wp-content/uploads/2025/04/image-1.png",""
"https://nordpush.de/technisches-seo-audit/","/technisches-seo-audit/","https://nordpush.de/wp-content/uploads/2025/04/image-12-916x1024.png","SEO Berater Illustration – NordPush Experte mit Suchmaschinenoptimierung-Tools"
"https://nordpush.de/technisches-seo-audit/","/technisches-seo-audit/","https://nordpush.de/wp-content/uploads/2025/04/image-2.png",""
"https://nordpush.de/technisches-seo-audit/","/technisches-seo-audit/","https://nordpush.de/wp-content/uploads/2025/04/image-3.png",""
"https://nordpush.de/technisches-seo-audit/","/technisches-seo-audit/","https://nordpush.de/wp-content/uploads/2025/04/image-4.png",""
"https://nordpush.de/technisches-seo-audit/","/technisches-seo-audit/","https://nordpush.de/wp-content/uploads/2025/05/image-6.png","Technisches SEO Audit - NordPush"
"https://nordpush.de/technisches-seo-audit/","/technisches-seo-audit/","https://nordpush.de/wp-content/uploads/2025/05/pexels-bymuratisikofficial-16090360-scaled.jpg","Kunde - Niklas"
"https://nordpush.de/technisches-seo-audit/","/technisches-seo-audit/","https://nordpush.de/wp-content/uploads/2025/05/pexels-karolina-grabowska-6333970-scaled.jpg","Kunde - Max"
"https://nordpush.de/technisches-seo-audit/","/technisches-seo-audit/","https://nordpush.de/wp-content/uploads/2025/05/pexels-pixabay-355022-scaled.jpg","Kundin - Lara"
"https://nordpush.de/technisches-seo-audit/","/technisches-seo-audit/","https://nordpush.de/wp-content/uploads/2025/05/technisches-seo-audit-1024x576.jpg","Technisches SEO Audit – Technische Website-Optimierung für bessere Google-Rankings"
"https://nordpush.de/ueber-uns/","/ueber-uns/","https://nordpush.de/wp-content/uploads/2025/04/cropped-Artboard-1-copy-e1744194301933.png",""
"https://nordpush.de/ueber-uns/","/ueber-uns/","https://nordpush.de/wp-content/uploads/2025/04/cropped-Artboard-1-copy-e1744194301933-165x48.png","NordPush Logo – SEO Agentur aus Neumünster"
"https://nordpush.de/ueber-uns/","/ueber-uns/","https://nordpush.de/wp-content/uploads/2025/04/image.png",""
"https://nordpush.de/ueber-uns/","/ueber-uns/","https://nordpush.de/wp-content/uploads/2025/04/image-1.png",""
"https://nordpush.de/ueber-uns/","/ueber-uns/","https://nordpush.de/wp-content/uploads/2025/04/image-2.png",""
"https://nordpush.de/ueber-uns/","/ueber-uns/","https://nordpush.de/wp-content/uploads/2025/04/image-3.png",""
"https://nordpush.de/ueber-uns/","/ueber-uns/","https://nordpush.de/wp-content/uploads/2025/04/image-4.png",""
"https://nordpush.de/ueber-uns/","/ueber-uns/","https://nordpush.de/wp-content/uploads/2025/04/image-5-1024x956.png","SEO Beratung Illustration – NordPush Experten analysieren Website-Rankings"
"https://nordpush.de/ueber-uns/","/ueber-uns/","https://nordpush.de/wp-content/uploads/2025/05/Bildschirmfoto-2025-05-16-um-22.13.36-e1747747915964.png","Kunde - Jan"
"https://nordpush.de/ueber-uns/","/ueber-uns/","https://nordpush.de/wp-content/uploads/2025/05/cropped-NordPushGoogleW.png","NordPush Favicon – SEO Agentur"
"https://nordpush.de/ueber-uns/","/ueber-uns/","https://nordpush.de/wp-content/uploads/2025/05/image-1024x971.png","NordPush Team – Ihre SEO-Experten aus Neumünster stellen sich vor"
"https://nordpush.de/ueber-uns/","/ueber-uns/","https://nordpush.de/wp-content/uploads/2025/05/pexels-radu-cuprian-2710887-10046798-scaled-e1747747854313.jpg","Kunde - Patrick"
"https://nordpush.de/ueber-uns/","/ueber-uns/","https://nordpush.de/wp-content/uploads/2025/05/pexels-thisisengineering-3861954-scaled-e1747747827109.jpg","Kundin - Maria"
"https://nordpush.de/wordpress-seo/","/wordpress-seo/","https://nordpush.de/wp-content/uploads/2025/04/cropped-Artboard-1-copy-e1744194301933.png",""
"https://nordpush.de/wordpress-seo/","/wordpress-seo/","https://nordpush.de/wp-content/uploads/2025/04/cropped-Artboard-1-copy-e1744194301933-165x48.png","NordPush Logo – SEO Agentur aus Neumünster"
"https://nordpush.de/wordpress-seo/","/wordpress-seo/","https://nordpush.de/wp-content/uploads/2025/04/image.png",""
"https://nordpush.de/wordpress-seo/","/wordpress-seo/","https://nordpush.de/wp-content/uploads/2025/04/image-1.png",""
"https://nordpush.de/wordpress-seo/","/wordpress-seo/","https://nordpush.de/wp-content/uploads/2025/04/image-12-916x1024.png","SEO Berater Illustration – NordPush Experte mit Suchmaschinenoptimierung-Tools"
"https://nordpush.de/wordpress-seo/","/wordpress-seo/","https://nordpush.de/wp-content/uploads/2025/04/image-2.png",""
"https://nordpush.de/wordpress-seo/","/wordpress-seo/","https://nordpush.de/wp-content/uploads/2025/04/image-3.png",""
"https://nordpush.de/wordpress-seo/","/wordpress-seo/","https://nordpush.de/wp-content/uploads/2025/04/image-4.png",""
"https://nordpush.de/wordpress-seo/","/wordpress-seo/","https://nordpush.de/wp-content/uploads/2025/05/image-9.png","WordPress SEO - NordPush"
"https://nordpush.de/wordpress-seo/","/wordpress-seo/","https://nordpush.de/wp-content/uploads/2025/05/pexels-kampus-6838615-scaled.jpg","Kunde - Hans-Martin"
"https://nordpush.de/wordpress-seo/","/wordpress-seo/","https://nordpush.de/wp-content/uploads/2025/05/pexels-ralph-rabago-3214786-scaled.jpg","Kunde - Ralph"
"https://nordpush.de/wordpress-seo/","/wordpress-seo/","https://nordpush.de/wp-content/uploads/2025/05/pexels-yankrukov-8837809-scaled.jpg","Kundin - Andrea"
"https://nordpush.de/wordpress-seo/","/wordpress-seo/","https://nordpush.de/wp-content/uploads/2025/05/wordpress-seo-1024x576.jpg","WordPress SEO – WordPress-Website professionell für Suchmaschinen optimieren"
